nombre,apellido,edad,genero,dni,ciudad,libreta
Jarret,Van Baaren,20,M,44851891,Hrib-Loški Potok,1
Yancey,Scottesmoor,22,M,56367718,Přibyslav,2
Earvin,Augustine,20,M,60425589,Cibunar,3
Rafaello,Rizzini,25,M,45704025,Varna,4
Bennie,Doughartie,20,M,95297417,Fairbanks,5
Candy,Troucher,19,F,82266486,Pompano Beach,6
Florina,Gergolet,21,F,47641880,Linjiang,7
Bertina,Rainford,35,F,39614895,Palomoc,8
Doralynne,Vickers,18,F,63107662,Iwase,9
Fidelio,Matczak,31,M,30383569,Saraqinishtë,10
Valdemar,Povele,21,M,36703714,Chernyanka,11
Meagan,Tesoe,23,F,15295807,Dutsin Ma,12
Laney,Wadly,29,M,58093640,Zelenoborskiy,13
Travis,Mityashin,40,M,16053015,Świnice Warckie,14
Terza,Marzellano,21,F,53438656,Cerro Corá,15
Fabio,Favill,21,M,22244962,Pangansalan,16
Valery,Coveley,35,F,67863698,Cidolog,17
Skipp,Pohling,20,M,71300814,Vári,18
Ed,Beyer,23,M,38686876,Paphos,19
Carolee,Henrionot,19,F,48647096,Loanda,20
Carolina,Parkes,22,F,67759833,Santa Rosa de Lima,21
Traver,Ranscombe,26,M,29192225,Uiasa,22
Sidonia,De Maria,19,F,16229837,Téra,23
Letisha,Monkhouse,25,F,20945386,Omigawa,24
Madlen,Echalie,33,F,93496380,Gangbei,25
Bill,Plunket,38,F,87811370,Písečná,26
Rodrique,Stapells,28,M,18285217,Lakbok,27
Deanna,Bernocchi,18,F,25420614,Kaligutan,28
Dot,Menzies,29,F,70054886,Idenao,29
Forster,Nortcliffe,20,M,40710477,Kanggye-si,30
Billie,Misson,34,M,64183403,Ban Lam Luk Ka,31
Agna,Dows,25,F,80999022,Naguilian,32
Pedro,Gauson,33,M,51145069,Baochang,33
Thatch,Bogace,22,M,03707620,Oeiras,34
Averell,Lye,35,M,49884026,Boissy-Saint-Léger,35
Porty,O'Donegan,33,M,72252994,Ballylinan,36
Fay,Yockney,30,F,29833279,Prokuplje,37
Lonnard,Ingraham,26,M,16881079,Kampong Chhnang,38
Christine,Oxton,24,F,25255718,Bergen,39
Carrie,Louw,23,F,47742364,København,40
Urbanus,Lope,40,M,03018505,Maliang,41
Shannan,Pischoff,32,M,32970684,Tilburg,42
Neville,McKinney,19,M,34121399,Karangsonojabon,43
Jedd,Pudner,18,M,99116243,Limoges,44
Danielle,D'Hooge,36,F,66725054,Xuexi,45
Owen,Grimm,20,M,25887479,Abelheira,46
Chucho,Loosely,36,M,88753117,Wuqu,47
Kincaid,Bevar,28,M,00753717,Anuradhapura,48
Homere,Webling,37,M,36453551,Otradnyy,49
Berte,Leatt,21,F,76703529,North Battleford,50
